Plane ID,Plan 1 Fuel Consumption,Plan 2 Fuel Consumption
36,3749,3652
17,7938,7667
1,74938,72172
21,39839,38305
12,61284,59016
53,10732,10331
4,462679,446775
11,93453,89598
3,115263,111236
62,112268,107818
48,525,508
35,68328,65714
45,11022,10677
54,1036,996
30,81449,78442
31,2751,2645
24,188937,181930
32,2054,1974
16,93300,89788
13,117690,113247
18,2090,2010
7,108611,104706
59,102800,99076
5,11933,11514
10,6918,6658
57,118031,113913
28,186815,179620
63,4124,4017
23,138323,133770
2,63386,61451
